{"names": ["300"], "zeiten": [1591747200000, 1592611200000, 1593475200000, 1594339200000, 1595203200000, 1596067200000, 1596931200000, 1597795200000, 1598659200000, 1599523200000, 1600387200000, 1601251200000, 1602115200000, 1602979200000, 1603843200000, 1604707200000, 1605571200000, 1606435200000, 1607299200000, 1608163200000, 1609027200000, 1609891200000, 1610755200000, 1611619200000, 1612483200000, 1613347200000, 1614211200000, 1615075200000, 1615939200000, 1616803200000, 1617667200000, 1618531200000, 1619395200000, 1620259200000, 1621123200000, 1621987200000, 1622851200000, 1623715200000, 1624579200000, 1625443200000, 1626307200000, 1627171200000, 1628035200000, 1628899200000, 1629763200000, 1630627200000, 1631491200000, 1632355200000, 1633219200000, 1634083200000, 1634947200000, 1635811200000, 1636675200000, 1637539200000, 1638403200000, 1639267200000, 1640131200000, 1640995200000, 1641859200000, 1642723200000, 1643587200000, 1644451200000, 1645315200000, 1646179200000, 1647043200000, 1647907200000, 1648771200000, 1649635200000, 1650499200000, 1651363200000, 1652227200000, 1653091200000, 1653955200000, 1654819200000], "preise": [[0.503641456582633], [0.503641456582633], [0.4140056022408962], [0.4252100840336137], [0.4252100840336137], [0.4252100840336137], [0.4252100840336137], [0.4252100840336137], [0.048179271708683746], [0.05322128851540642], [0.043137254901961075], [0.11092436974789921], [0.14565826330532206], [0.1450980392156862], [0.14061624649859938], [0.14061624649859938], [0.1450980392156862], [0.04425770308123278], [0.04425770308123278], [0.04425770308123278], [0.04425770308123278], [0.12829131652661063], [0.12829131652661063], [0.12829131652661063], [0.12829131652661063], [0.12829131652661063], [0.12829131652661063], [0.12829131652661063], [0.12829131652661063], [0.12829131652661063], [0.12829131652661063], [0.12829131652661063], [0.12829131652661063], [0.12829131652661063], [0.12829131652661063], [0.12829131652661063], [0.12829131652661063], [0.12829131652661063], [0.12829131652661063], [0.21456582633053234], [0.2151260504201682], [0.21568627450980404], [0.21568627450980404], [0.24593837535014007], [0.13613445378151257], [0.0], [0.07114845938375369], [0.12436974789915967], [0.16022408963585422], [0.2162464985994399], [0.12829131652661063], [0.12829131652661063], [0.024649859943977503], [0.12829131652661063], [0.12829131652661063], [0.12829131652661063], [0.12829131652661063], [0.12829131652661063], [0.12829131652661063], [0.12829131652661063], [0.23361344537815132], [0.22857142857142865], [0.2773109243697478], [0.2504201680672269], [0.2773109243697478], [0.2773109243697478], [0.21792717086834745], [0.19103641456582654], [0.2280112044817928], [0.2022408963585436], [0.20280112044817944], [0.1927170868347341], [0.10700280112044824], [0.10700280112044824]], "scales": [{"info": "m = max_x - min_x, n = 1 - (m * max_x), x = (1-n)/m", "max_x": 6384, "min_x": 4599}]}